NAME,URL
ReseauEntrepriseB,https://github.com/TommyRiquet/ReseauEntrepriseB
dummyrepo,https://github.com/qlikqaa/dummyrepo
flux-retour-cfas,https://github.com/mission-apprentissage/flux-retour-cfas
identity-provider-example,https://github.com/france-connect/identity-provider-example
ellesfontlaphoto,https://github.com/betagouv/ellesfontlaphoto
web2-2022-project-group-15,https://github.com/e-vinci/web2-2022-project-group-15
web2-2022-project-group-15,https://github.com/e-vinci/web2-2022-project-group-15
nova,https://github.com/edinum/nova
salaires.dev,https://github.com/alexislozano/salaires.dev
deces-backend,https://github.com/matchID-project/deces-backend
projet-integration-4-Parking,https://github.com/he202020/projet-integration-4-Parking
OhMyCode-projects,https://github.com/VadimElFamoso/OhMyCode-projects
location-des-bernardins,https://github.com/makarakotovao/location-des-bernardins
la_cantiniere,https://github.com/MargVander/la_cantiniere
reservation,https://github.com/ipsum3/reservation
identity-provider-example,https://github.com/france-connect/identity-provider-example
AtoutProtect_Web,https://github.com/AntonArmand/AtoutProtect_Web
site-drupalfr,https://github.com/Drupal-FR/site-drupalfr
MYCharlie,https://github.com/PierreThoumsin/MYCharlie
identity-provider-example,https://github.com/france-connect/identity-provider-example
cageot,https://github.com/geleouet/cageot
identity-provider-example,https://github.com/france-connect/identity-provider-example
identity-provider-example,https://github.com/france-connect/identity-provider-example
projet_annuel,https://github.com/AymericArt/projet_annuel
tn_web,https://github.com/transport-nantes/tn_web
cloud_bbb,https://github.com/sualko/cloud_bbb
cadastrapp,https://github.com/georchestra/cadastrapp
KAPC,https://github.com/EsupPortail/KAPC
Projet5_PhpBlog,https://github.com/NicoRiso13/Projet5_PhpBlog
github-slideshow,https://github.com/REstecha/github-slideshow
personal-website,https://github.com/mindsers/personal-website
Dinet,https://github.com/romdum/Dinet
website,https://github.com/GDGStrasbourg/website
project-management,https://github.com/blockframes/project-management
autonomie,https://github.com/CroissanceCommune/autonomie
identity-provider-example,https://github.com/france-connect/identity-provider-example
Ara,https://github.com/DISIC/Ara
sentry,https://github.com/getsentry/sentry
P3_Origins-Digital_Lyon_React_Sept_2022,https://github.com/WildCodeSchool/P3_Origins-Digital_Lyon_React_Sept_2022
domoticz_custom_icon_generator,https://github.com/AurelienLoyer/domoticz_custom_icon_generator
recosante,https://github.com/betagouv/recosante
asociacion,https://github.com/python-spain/asociacion
allezcine,https://github.com/TheDoudou/allezcine
registration,https://github.com/nextcloud/registration
see_app_v1.1,https://github.com/EricBoutueil/see_app_v1.1
eva,https://github.com/betagouv/eva
fatboar-concours,https://github.com/MaeBzh/fatboar-concours
github-slideshow,https://github.com/lcs-sortigosa/github-slideshow
flux-retour-cfas,https://github.com/mission-apprentissage/flux-retour-cfas
legislatives.laprimaire.org,https://github.com/democratech/legislatives.laprimaire.org
Noethys,https://github.com/Noethys/Noethys
identity-provider-example,https://github.com/france-connect/identity-provider-example
ShuffleTunes,https://github.com/YiddishGun11/ShuffleTunes
299ko,https://github.com/299Ko/299ko
catalogue-opendata,https://github.com/megalis-bretagne/catalogue-opendata
LucasBarrois_2_19102020,https://github.com/lbrrs/LucasBarrois_2_19102020
dashlord-actions,https://github.com/SocialGouv/dashlord-actions
registry,https://github.com/BioContainers/registry
CHOPTAPHOTO,https://github.com/SilvvMH/CHOPTAPHOTO
Silex,https://github.com/silexlabs/Silex
journal,https://github.com/lukebarnard1/journal
donats,https://github.com/gllmp/donats
dashlord-actions,https://github.com/SocialGouv/dashlord-actions
prj.app,https://github.com/kartoza/prj.app
lizmap-web-client,https://github.com/3liz/lizmap-web-client
Kilikoi,https://github.com/AnthonyCamelCase/Kilikoi
Grafikart.fr,https://github.com/Grafikart/Grafikart.fr
dashlord-actions,https://github.com/SocialGouv/dashlord-actions
yeswiki,https://github.com/YesWiki/yeswiki
Coronhackathon,https://github.com/Julien-Ben/Coronhackathon
websites,https://github.com/dis-moi/websites
axelor-open-suite,https://github.com/axelor/axelor-open-suite
vanilla,https://github.com/vanilla/vanilla
roadmap,https://github.com/blueprintue/roadmap
signalement,https://github.com/geobretagne/signalement
juridiques,https://github.com/betagouv/juridiques
site,https://github.com/evrisops/site
lucca-front,https://github.com/LuccaSA/lucca-front
Geotrek-rando,https://github.com/GeotrekCE/Geotrek-rando
solidata_frontend,https://github.com/entrepreneur-interet-general/solidata_frontend
tarte-a-la-praline,https://github.com/novaway/tarte-a-la-praline
Overbookd-backend,https://github.com/24HeuresINSA/Overbookd-backend
P3_Enedis_Lyon_React_Sept_2022,https://github.com/WildCodeSchool/P3_Enedis_Lyon_React_Sept_2022
support,https://github.com/SocialGouv/support
inmypocket,https://github.com/hlassiege/inmypocket
adresse.data.gouv.fr,https://github.com/BaseAdresseNationale/adresse.data.gouv.fr
CNR,https://github.com/betagouv/CNR
politizr,https://github.com/Politizr/politizr
assistant-rgaa,https://github.com/empreinte-digitale/assistant-rgaa
Transvis,https://github.com/DiEz-HPC/Transvis
Transvis,https://github.com/DiEz-HPC/Transvis
thelia,https://github.com/thelia/thelia
itou-theme-discourse,https://github.com/betagouv/itou-theme-discourse
portaldigital,https://github.com/valedominho/portaldigital
identity-provider-example,https://github.com/scheheb/identity-provider-example
archifiltre-site,https://github.com/SocialGouv/archifiltre-site
infoparquet,https://github.com/betagouv/infoparquet
gestion-compte,https://github.com/elefan-grenoble/gestion-compte
wp-jump,https://github.com/jeremd41/wp-jump
DevWeb,https://github.com/GregoireAntoine/DevWeb
medkit-theme-light,https://github.com/mediactive-digital/medkit-theme-light
flux-retour-cfas,https://github.com/mission-apprentissage/flux-retour-cfas
1000jours,https://github.com/SocialGouv/1000jours
chefsbook-prod,https://github.com/neguewatt/chefsbook-prod
GeoNature-atlas,https://github.com/PnX-SI/GeoNature-atlas
CIGALE,https://github.com/airpaca/CIGALE
OBarbeuc,https://github.com/Yannis-Alouache/OBarbeuc
gdpr,https://github.com/aeris/gdpr
Handichiens,https://github.com/Ysliria/Handichiens
electronictales-contributions-bo,https://github.com/monday-hazard/electronictales-contributions-bo
rdv-solidarites.fr,https://github.com/betagouv/rdv-solidarites.fr
cyber-cogip,https://github.com/arthurruby/cyber-cogip
Rocket.Chat,https://github.com/RocketChat/Rocket.Chat
Leed,https://github.com/LeedRSS/Leed
sae3-01-devapp-g2b-12,https://github.com/IUT-Blagnac/sae3-01-devapp-g2b-12
find-shelter,https://github.com/Find-Shelter/find-shelter
websites,https://github.com/dis-moi/websites
plateforme,https://github.com/chemins-de-la-transition/plateforme
eva,https://github.com/betagouv/eva
e-make,https://github.com/Azkali/e-make
CDJ,https://github.com/CDJ11/CDJ
onestlatech.github.io,https://github.com/onestlatech/onestlatech.github.io
archipelago,https://github.com/assemblee-virtuelle/archipelago
ikurso,https://github.com/axel584/ikurso
Timber-Wall-E,https://github.com/Juliette3529/Timber-Wall-E
flux-retour-cfas,https://github.com/mission-apprentissage/flux-retour-cfas
cerfa,https://github.com/mission-apprentissage/cerfa
gamelle-front-office-lyon-js-react-march21,https://github.com/WildCodeSchool/gamelle-front-office-lyon-js-react-march21
memcheck,https://github.com/VoltanFr/memcheck
episciences,https://github.com/CCSDForge/episciences
manageo,https://github.com/simonrenoult/manageo
deces-ui,https://github.com/matchID-project/deces-ui
wp-jump,https://github.com/jeremd41/wp-jump
analytics,https://github.com/DavidWells/analytics
sharelex.org,https://github.com/ShareLex/sharelex.org
dird-project-front,https://github.com/chazapp/dird-project-front
georchestra,https://github.com/georchestra/georchestra
flux-retour-cfas,https://github.com/mission-apprentissage/flux-retour-cfas
manageo,https://github.com/simonrenoult/manageo
manageo,https://github.com/simonrenoult/manageo
semapps,https://github.com/assemblee-virtuelle/semapps
landing-page,https://github.com/hoverkraft-tech/landing-page
EcoIndex,https://github.com/cnumr/EcoIndex
chaskiq,https://github.com/chaskiq/chaskiq
itou,https://github.com/betagouv/itou
zero-logement-vacant,https://github.com/MTES-MCT/zero-logement-vacant
identity-provider-example,https://github.com/france-connect/identity-provider-example
GlobalIssueTracker,https://github.com/EmmanuelDemey/GlobalIssueTracker
Digirisk,https://github.com/Evarisk/Digirisk
gdpr-data-request-form,https://github.com/audrasjb/gdpr-data-request-form
magic,https://github.com/bryouf22/magic
place-des-entreprises,https://github.com/betagouv/place-des-entreprises
pplanner-quasar,https://github.com/lparrot/pplanner-quasar
Azuriom,https://github.com/Azuriom/Azuriom
logisland,https://github.com/Hurence/logisland
Transvis,https://github.com/DiEz-HPC/Transvis
1000jours,https://github.com/SocialGouv/1000jours
Inci_e3b_modules,https://github.com/Arquisoft/Inci_e3b_modules
meo-code,https://github.com/codimeo/meo-code
upptime,https://github.com/mission-apprentissage/upptime
CIGALE,https://github.com/airpaca/CIGALE
dodoc,https://github.com/l-atelier-des-chercheurs/dodoc
consultpanel,https://github.com/soootaleb/consultpanel
inscriptions_roller,https://github.com/Puyb/inscriptions_roller
cyber-cogip,https://github.com/arthurruby/cyber-cogip
carstats,https://github.com/pierredarrieutort/carstats
bien-dit,https://github.com/Politizr/bien-dit
Fair-ML-4-Ethical-AI,https://github.com/wikistat/Fair-ML-4-Ethical-AI
DESARROLLO-DE-NEGOCIOS-ELECTRONICOS,https://github.com/Miguel-byte/DESARROLLO-DE-NEGOCIOS-ELECTRONICOS
chouette-admin-chouettos,https://github.com/lachouettecoop/chouette-admin-chouettos
Pytition,https://github.com/pytition/Pytition
authorizer,https://github.com/authorizerdev/authorizer
matomo,https://github.com/matomo-org/matomo
Projet-Dev-Web,https://github.com/D34DPlayer/Projet-Dev-Web
nlocart,https://github.com/SatarAs/nlocart
sendinblue,https://github.com/PrestaShopCorp/sendinblue
flux-retour-cfas,https://github.com/mission-apprentissage/flux-retour-cfas
dashlord-actions,https://github.com/SIRCOM-BATN/dashlord-actions
limesurvey-rgpd,https://github.com/CEric-fr/limesurvey-rgpd
next-strapi-tailwind-graphql-template,https://github.com/GRINN-dev/next-strapi-tailwind-graphql-template
limesurvey-rgpd,https://github.com/CEric-fr/limesurvey-rgpd
next-strapi-tailwind-graphql-template,https://github.com/GRINN-dev/next-strapi-tailwind-graphql-template
mano,https://github.com/SocialGouv/mano
gdpr,https://github.com/aeris/gdpr
cerfa,https://github.com/mission-apprentissage/cerfa
openfoodfacts-infrastructure,https://github.com/openfoodfacts/openfoodfacts-infrastructure
EG-Blog-Comments,https://github.com/egeorjon/EG-Blog-Comments
Transvis,https://github.com/DiEz-HPC/Transvis
DizifyMusic,https://github.com/LeopoldBriand-bot/DizifyMusic
cosmetiquebiopro,https://github.com/phytodia/cosmetiquebiopro
cerfa,https://github.com/mission-apprentissage/cerfa
cerfa,https://github.com/mission-apprentissage/cerfa
makefiles,https://github.com/neo-soft-innovation/makefiles
limesurvey-rgpd,https://github.com/CEric-fr/limesurvey-rgpd
consultpanel,https://github.com/soootaleb/consultpanel
autonomie,https://github.com/CroissanceCommune/autonomie
spip_moncompte,https://github.com/mistergraphx/spip_moncompte
transport-site,https://github.com/etalab/transport-site
yeswiki,https://github.com/YesWiki/yeswiki
freeday-web,https://github.com/freeday-app/freeday-web
flux-retour-cfas,https://github.com/mission-apprentissage/flux-retour-cfas
ember.js,https://github.com/emberjs/ember.js
TaalToolBox,https://github.com/Rachiid007/TaalToolBox
github-slideshow,https://github.com/lcs-sortigosa/github-slideshow
utc-mobile,https://github.com/simde-utc/utc-mobile
magic,https://github.com/bryouf22/magic
datan,https://github.com/datanfr/datan
RGPD_MVC,https://github.com/anthony-laubry-adm-tournai/RGPD_MVC
mattermost-desktop-msi-rd,https://github.com/wget/mattermost-desktop-msi-rd
dashlord-actions,https://github.com/SocialGouv/dashlord-actions
dada-france-theme,https://github.com/okfnfr/dada-france-theme
tchap-landing-page,https://github.com/tchapgouv/tchap-landing-page
Projet-Certification,https://github.com/ramzi-alk/Projet-Certification
itou,https://github.com/betagouv/itou
magento2-gdpr,https://github.com/opengento/magento2-gdpr
dolibarr,https://github.com/Dolibarr/dolibarr
egapro,https://github.com/SocialGouv/egapro
deces-backend,https://github.com/matchID-project/deces-backend
flux-retour-cfas,https://github.com/mission-apprentissage/flux-retour-cfas
demarches-simplifiees.fr,https://github.com/demarches-simplifiees/demarches-simplifiees.fr
1000jours,https://github.com/SocialGouv/1000jours
cerfa,https://github.com/mission-apprentissage/cerfa
redcall,https://github.com/minutis-redcall/redcall
Plume,https://github.com/Plume-org/Plume
flux-retour-cfas,https://github.com/mission-apprentissage/flux-retour-cfas
react-owl-carousel,https://github.com/laurenchen0631/react-owl-carousel
asociacion,https://github.com/python-spain/asociacion
voeux-affelnet,https://github.com/mission-apprentissage/voeux-affelnet
github-slideshow,https://github.com/lcs-sortigosa/github-slideshow
github-slideshow,https://github.com/lcs-sortigosa/github-slideshow
github-slideshow,https://github.com/lcs-sortigosa/github-slideshow
CommunityCookieConsent,https://github.com/SalesforceLabs/CommunityCookieConsent
lighterpack,https://github.com/galenmaly/lighterpack
api-next,https://github.com/schoolsyst/api-next
vue-tel-input-vuetify,https://github.com/yogakurniawan/vue-tel-input-vuetify
GeoNature,https://github.com/PnX-SI/GeoNature
itou,https://github.com/betagouv/itou
202209-orleans-php-project-originsdigital,https://github.com/WildCodeSchool/202209-orleans-php-project-originsdigital
coworking-flex,https://github.com/AlsaceDigitale/coworking-flex
RGPD_MVC,https://github.com/anthony-laubry-adm-tournai/RGPD_MVC
RGPD_MVC,https://github.com/anthony-laubry-adm-tournai/RGPD_MVC
TaalToolBox,https://github.com/Rachiid007/TaalToolBox
Cookie-consent_Google-Analytics,https://github.com/LINCnil/Cookie-consent_Google-Analytics
datan,https://github.com/datanfr/datan
ensai-donnees-emergentes,https://github.com/linogaliana/ensai-donnees-emergentes
dodoc,https://github.com/l-atelier-des-chercheurs/dodoc
1000jours,https://github.com/SocialGouv/1000jours
1000jours,https://github.com/SocialGouv/1000jours
utc-mobile,https://github.com/simde-utc/utc-mobile
site-eig,https://github.com/entrepreneur-interet-general/site-eig
elementor,https://github.com/elementor/elementor
metawal-core-geonetwork,https://github.com/SPW-DIG/metawal-core-geonetwork
grottocenter-api,https://github.com/GrottoCenter/grottocenter-api
demarches-simplifiees.fr,https://github.com/demarches-simplifiees/demarches-simplifiees.fr
flux-retour-cfas,https://github.com/mission-apprentissage/flux-retour-cfas
cyber-cogip,https://github.com/arthurruby/cyber-cogip
charoarc,https://github.com/HE-Arc/charoarc
AOE4-DISCORD-BOT,https://github.com/jascaldeira/AOE4-DISCORD-BOT
moodle-theme_telaformation,https://github.com/telabotanica/moodle-theme_telaformation
georchestra,https://github.com/georchestra/georchestra
meo-code,https://github.com/codimeo/meo-code
wordsOfSilence,https://github.com/Yuhui65/wordsOfSilence
the-law-factory-parser,https://github.com/regardscitoyens/the-law-factory-parser
Classic_Racing_School,https://github.com/DylanDor/Classic_Racing_School
bonita-documentation-theme,https://github.com/bonitasoft/bonita-documentation-theme
Transvis,https://github.com/DiEz-HPC/Transvis
site,https://github.com/evrisops/site
PrestaShop,https://github.com/PrestaShop/PrestaShop
geneweb,https://github.com/geneweb/geneweb
symptoms-tracker,https://github.com/alexisthual/symptoms-tracker
opencollective,https://github.com/opencollective/opencollective
katellea,https://github.com/AlexandreCantin/katellea
flux-retour-cfas,https://github.com/mission-apprentissage/flux-retour-cfas
iuris,https://github.com/onticsoluciones/iuris
ecclesiacrm,https://github.com/phili67/ecclesiacrm
GeoNature-citizen,https://github.com/PnX-SI/GeoNature-citizen
news,https://github.com/Cyrille37/news
Projet-GL,https://github.com/0xWryth/Projet-GL
ngx-admin,https://github.com/akveo/ngx-admin
GeoNature-citizen,https://github.com/PnX-SI/GeoNature-citizen
presta-faker,https://github.com/leblanc-simon/presta-faker
proto_mb,https://github.com/ESNFranceG33kTeam/proto_mb
nosgestesclimat-site,https://github.com/datagir/nosgestesclimat-site
2022-09-php-orleans-project-papys45,https://github.com/WildCodeSchool/2022-09-php-orleans-project-papys45
grav-plugin-simple-cookie,https://github.com/qw3rtty/grav-plugin-simple-cookie
the-law-factory-parser,https://github.com/regardscitoyens/the-law-factory-parser
privacypossum,https://github.com/cowlicks/privacypossum
GDPR,https://github.com/trewknowledge/GDPR
oc-gdpr-plugin,https://github.com/OFFLINE-GmbH/oc-gdpr-plugin
django-request-token,https://github.com/yunojuno/django-request-token
Qissa,https://github.com/Kamel77127/Qissa
HypeMailchimpBundle,https://github.com/AhmedSamy/HypeMailchimpBundle
DataManagementPlan,https://github.com/FaisalBekkouche/DataManagementPlan
tous-a-bord,https://github.com/betagouv/tous-a-bord
openfoodfacts-server,https://github.com/openfoodfacts/openfoodfacts-server
form,https://github.com/OPEN-ENT-NG/form
emjpm,https://github.com/SocialGouv/emjpm
demarches-simplifiees.fr,https://github.com/demarches-simplifiees/demarches-simplifiees.fr
deplacement-covid-19,https://github.com/LAB-MI/deplacement-covid-19
Renewal,https://github.com/RenewalResearch/Renewal
documents,https://github.com/ROBERT-proximity-tracing/documents
Renewal,https://github.com/RenewalResearch/Renewal
uk.co.vedaconsulting.outlookapi,https://github.com/veda-consulting-company/uk.co.vedaconsulting.outlookapi
fce,https://github.com/SocialGouv/fce
esup-mod_rocketchat,https://github.com/EsupPortail/esup-mod_rocketchat
Blog,https://github.com/sogilis/Blog
202209-orleans-php-project-originsdigital,https://github.com/WildCodeSchool/202209-orleans-php-project-originsdigital
deces-backend,https://github.com/matchID-project/deces-backend
lizmap-web-client,https://github.com/3liz/lizmap-web-client
demarches-simplifiees.fr,https://github.com/demarches-simplifiees/demarches-simplifiees.fr
elgeopaso,https://github.com/Guts/elgeopaso
carnet-de-bord,https://github.com/gip-inclusion/carnet-de-bord
openfoodfacts-server,https://github.com/openfoodfacts/openfoodfacts-server
semapps,https://github.com/chemins-de-la-transition/semapps
dashlord-actions,https://github.com/SocialGouv/dashlord-actions
Geotrek-admin,https://github.com/GeotrekCE/Geotrek-admin
dodoc,https://github.com/l-atelier-des-chercheurs/dodoc
yellowgreen,https://github.com/WildCodeSchool/yellowgreen
recrutement,https://github.com/Godot-Engine-Francophone/recrutement
monsuivipsy-site,https://github.com/SocialGouv/monsuivipsy-site
place-des-entreprises,https://github.com/betagouv/place-des-entreprises
eligia,https://github.com/Benjaliette/eligia
b3t,https://github.com/bet3-0/b3t
histologe,https://github.com/MTES-MCT/histologe
zonestamp,https://github.com/raquelmsmith/zonestamp
loult-ng,https://github.com/loult-elte-fwere/loult-ng
catalogage-donnees,https://github.com/etalab/catalogage-donnees
osuny,https://github.com/noesya/osuny
glpi-dporegister,https://github.com/karhel/glpi-dporegister
global2022,https://github.com/brainhackorg/global2022
microsaasmaker,https://github.com/Maeevick/microsaasmaker
auto-load-next-post,https://github.com/autoloadnextpost/auto-load-next-post
cookies_eu,https://github.com/infinum/cookies_eu
Voluntario,https://github.com/LuisVelhinho/Voluntario
dashlord-actions,https://github.com/SocialGouv/dashlord-actions
dei_3dj_057,https://github.com/0franciscor/dei_3dj_057
brainhack-marseille.github.io,https://github.com/Brainhack-Marseille/brainhack-marseille.github.io
api,https://github.com/op-ent/api
2022-09-PHP-Bordeaux-Project-2-agenceTousRisques,https://github.com/WildCodeSchool/2022-09-PHP-Bordeaux-Project-2-agenceTousRisques
issues-2018,https://github.com/julio-os/issues-2018
capacitor-firebase,https://github.com/capawesome-team/capacitor-firebase
demarches-simplifiees.fr,https://github.com/demarches-simplifiees/demarches-simplifiees.fr
PrestaShop,https://github.com/PrestaShop/PrestaShop
justice-plurielle,https://github.com/DroitPluriel-appli/justice-plurielle
flux-retour-cfas,https://github.com/mission-apprentissage/flux-retour-cfas
demarches-simplifiees.fr,https://github.com/demarches-simplifiees/demarches-simplifiees.fr
iTop,https://github.com/Combodo/iTop
marcwrobel.github.io,https://github.com/marcwrobel/marcwrobel.github.io
dudjnxiencm,https://github.com/l3beixjekslol/dudjnxiencm
GeoNature,https://github.com/PnX-SI/GeoNature
inscriptions_roller,https://github.com/Puyb/inscriptions_roller
prestashop,https://github.com/waiap/prestashop
grottocenter-api,https://github.com/GrottoCenter/grottocenter-api
PrestaShop,https://github.com/PrestaShop/PrestaShop
france-declarations,https://github.com/OpenTermsArchive/france-declarations
tgd-final,https://github.com/TeleGD/tgd-final
client,https://github.com/pageboard/client
tumeplay,https://github.com/SocialGouv/tumeplay
DocHub,https://github.com/DocHub-ULB/DocHub
thirdplacemaking.com,https://github.com/thirdplacemaking/thirdplacemaking.com
carnet-de-bord,https://github.com/gip-inclusion/carnet-de-bord
transport-site,https://github.com/etalab/transport-site
FooTable,https://github.com/fooplugins/FooTable
eligia,https://github.com/Benjaliette/eligia
rga_final,https://github.com/nburd01/rga_final
academics-on-mastodon,https://github.com/nathanlesage/academics-on-mastodon
territoires-en-transitions,https://github.com/betagouv/territoires-en-transitions
kalendario,https://github.com/crazko/kalendario
spring-data-cosmosdb,https://github.com/microsoft/spring-data-cosmosdb
cube--backend,https://github.com/CESI-Project/cube--backend
Silex,https://github.com/silexlabs/Silex
moncycle.app,https://github.com/jean-io/moncycle.app
ap-o-clock,https://github.com/vincentg2/ap-o-clock
isen_companion,https://github.com/sehnryr/isen_companion
grottocenter-api,https://github.com/GrottoCenter/grottocenter-api
formation-webscraping,https://github.com/InseeFrLab/formation-webscraping
stud42,https://github.com/42Atomys/stud42
SharyMeal_Front,https://github.com/Joff317/SharyMeal_Front
pix,https://github.com/1024pix/pix
domifa,https://github.com/SocialGouv/domifa
Dossier-Facile-Frontend,https://github.com/MTES-MCT/Dossier-Facile-Frontend
pix,https://github.com/1024pix/pix
pix,https://github.com/1024pix/pix
code-du-travail-numerique,https://github.com/SocialGouv/code-du-travail-numerique
Incipio,https://github.com/n7consulting/Incipio
rdv-solidarites.fr,https://github.com/betagouv/rdv-solidarites.fr
P6-Web-Developer,https://github.com/AZaffalon/P6-Web-Developer
humhub,https://github.com/humhub/humhub
Pyrit,https://github.com/JPaulMora/Pyrit
ecommerce,https://github.com/groupe1-bd-prs22-2/ecommerce
eligia,https://github.com/Benjaliette/eligia
chamilo-lms,https://github.com/chamilo/chamilo-lms
cookieconsent,https://github.com/orestbida/cookieconsent
rdv-insertion,https://github.com/betagouv/rdv-insertion
projet6_piquante,https://github.com/icenatsu/projet6_piquante
ProjetIntegration,https://github.com/TommyRiquet/ProjetIntegration
offseason_ogre,https://github.com/dataforgoodfr/offseason_ogre
accounts-service,https://github.com/noted-eip/accounts-service
projet6_piquante,https://github.com/icenatsu/projet6_piquante
loo,https://github.com/stan-dev/loo
data-protection,https://github.com/OCA/data-protection
companion-module-nevion-mrp,https://github.com/bitfocus/companion-module-nevion-mrp
territoires-en-transitions,https://github.com/betagouv/territoires-en-transitions
DATA4PTTools,https://github.com/ITxPT/DATA4PTTools
joomla.fr,https://github.com/AFUJ/joomla.fr
eligia,https://github.com/Benjaliette/eligia
flux-retour-cfas,https://github.com/mission-apprentissage/flux-retour-cfas
muhokama,https://github.com/xvw/muhokama
lescastcodeurs.com,https://github.com/lescastcodeurs/lescastcodeurs.com
1j1s-front,https://github.com/DNUM-SocialGouv/1j1s-front
salon,https://github.com/Legilibre/salon
PHP-SF-Snowtricks,https://github.com/Valentin-Leca/PHP-SF-Snowtricks
pix,https://github.com/1024pix/pix
koha-ill-koha,https://github.com/PTFS-Europe/koha-ill-koha
tarteaucitron.js,https://github.com/AmauriC/tarteaucitron.js
CNR,https://github.com/betagouv/CNR
FreshRSS,https://github.com/FreshRSS/FreshRSS
Erlo-s,https://github.com/Perale57/Erlo-s
vscode,https://github.com/microsoft/vscode
deces-ui,https://github.com/matchID-project/deces-ui
web-bugs,https://github.com/webcompat/web-bugs
matomo-for-wordpress,https://github.com/matomo-org/matomo-for-wordpress
Azuriom,https://github.com/Azuriom/Azuriom
prestashop-retro,https://github.com/PrestaShop/prestashop-retro
deces-ui,https://github.com/matchID-project/deces-ui
1j1s-front,https://github.com/DNUM-SocialGouv/1j1s-front
best-practices-wordpress,https://github.com/cnumr/best-practices-wordpress
Simple-Documentation,https://github.com/mathieuhays/Simple-Documentation
rdv-solidarites.fr,https://github.com/betagouv/rdv-solidarites.fr
FeloFamilySite,https://github.com/TheFeloDevTeam/FeloFamilySite
e-colle,https://github.com/stephanekirsch/e-colle
vesta_extended_relationships,https://github.com/vesta-webtrees-2-custom-modules/vesta_extended_relationships
chamilo-lms,https://github.com/chamilo/chamilo-lms
attestation-deplacement-derogatoire-q4-2020,https://github.com/LAB-MI/attestation-deplacement-derogatoire-q4-2020
PrestaShop,https://github.com/PrestaShop/PrestaShop
workadventure,https://github.com/thecodingmachine/workadventure
PlanningBiblio,https://github.com/PlanningBiblio/PlanningBiblio
Blog,https://github.com/sogilis/Blog
msg2eml.js,https://github.com/master131/msg2eml.js
flux-retour-cfas,https://github.com/mission-apprentissage/flux-retour-cfas
laravel-mollie,https://github.com/mollie/laravel-mollie
githubTrending,https://github.com/kujian/githubTrending
dashlord-actions,https://github.com/SocialGouv/dashlord-actions
lescastcodeurs.com,https://github.com/lescastcodeurs/lescastcodeurs.com
dashlord-actions,https://github.com/SocialGouv/dashlord-actions
dashlord-actions,https://github.com/SocialGouv/dashlord-actions
Silex,https://github.com/silexlabs/Silex
data-provider-example,https://github.com/france-connect/data-provider-example
flux-retour-cfas,https://github.com/mission-apprentissage/flux-retour-cfas
flux-retour-cfas,https://github.com/mission-apprentissage/flux-retour-cfas
egon,https://github.com/Robloche/egon
hyde-x,https://github.com/zyro/hyde-x
tarteaucitron.js,https://github.com/AmauriC/tarteaucitron.js
elementor,https://github.com/elementor/elementor
dashlord-actions,https://github.com/SocialGouv/dashlord-actions
3ds,https://github.com/w3c/3ds
data.gouv.fr,https://github.com/etalab/data.gouv.fr
1j1s-front,https://github.com/DNUM-SocialGouv/1j1s-front
MAIPhuongThao_6_16072022,https://github.com/Maiphuongthao/MAIPhuongThao_6_16072022
boaviztapi,https://github.com/Boavizta/boaviztapi
FranquartClement_6_06072022,https://github.com/ClementFra/FranquartClement_6_06072022
lescastcodeurs.com,https://github.com/lescastcodeurs/lescastcodeurs.com
MAIPhuongThao_6_16072022,https://github.com/Maiphuongthao/MAIPhuongThao_6_16072022
preuve-covoiturage,https://github.com/betagouv/preuve-covoiturage
transport-site,https://github.com/etalab/transport-site
pass-culture-app-native,https://github.com/pass-culture/pass-culture-app-native
devgrants,https://github.com/filecoin-project/devgrants
talks,https://github.com/noelmace/talks
flutter,https://github.com/flutter/flutter
nosgestesclimat-site,https://github.com/datagir/nosgestesclimat-site
trackwatt-web,https://github.com/rozierguillaume/trackwatt-web
anpr,https://github.com/italia/anpr
transport-site,https://github.com/etalab/transport-site
product-management,https://github.com/blindnet-io/product-management
best-practices-wordpress,https://github.com/cnumr/best-practices-wordpress
proyecto-PCP,https://github.com/PacoCP5/proyecto-PCP
flux-retour-cfas,https://github.com/mission-apprentissage/flux-retour-cfas
schema.data.gouv.fr,https://github.com/etalab/schema.data.gouv.fr
product-management,https://github.com/blindnet-io/product-management
pix-tutos,https://github.com/1024pix/pix-tutos
carnet-de-bord,https://github.com/gip-inclusion/carnet-de-bord
website,https://github.com/Exodus-Privacy/website
FeloFamilySite,https://github.com/TheFeloDevTeam/FeloFamilySite
product-management,https://github.com/blindnet-io/product-management
rdv-solidarites.fr,https://github.com/betagouv/rdv-solidarites.fr
carnet-de-bord,https://github.com/gip-inclusion/carnet-de-bord
flux-retour-cfas,https://github.com/mission-apprentissage/flux-retour-cfas
2022-03-JS-Remote-404-Alumni-droit,https://github.com/WildCodeSchool/2022-03-JS-Remote-404-Alumni-droit
rdv-solidarites.fr,https://github.com/betagouv/rdv-solidarites.fr
dashlord-actions,https://github.com/SocialGouv/dashlord-actions
GeoNature,https://github.com/PnX-SI/GeoNature
Le-bot-en-JS,https://github.com/TanguyChiffoleau/Le-bot-en-JS
gazouilloire,https://github.com/medialab/gazouilloire
gatsby-plugin-rgpd-acceptance,https://github.com/NovaGaia/gatsby-plugin-rgpd-acceptance
web-bugs,https://github.com/webcompat/web-bugs
2022-03-JS-Remote-404-Alumni-droit,https://github.com/WildCodeSchool/2022-03-JS-Remote-404-Alumni-droit
Pad-Assembl-e-Virtuelle---suivi-fin-des-GV-et-consortium-des-donn-es-de-l-conomie-circulaire-,https://github.com/Ancelin-Moulherat-AV/Pad-Assembl-e-Virtuelle---suivi-fin-des-GV-et-consortium-des-donn-es-de-l-conomie-circulaire-
opencollective,https://github.com/opencollective/opencollective
wattris,https://github.com/datagir/wattris
AdguardFilters,https://github.com/AdguardTeam/AdguardFilters
rdv-solidarites.fr,https://github.com/betagouv/rdv-solidarites.fr
emms22,https://github.com/FromDoppler/emms22
tarteaucitron.js,https://github.com/AmauriC/tarteaucitron.js
1j1s-front,https://github.com/DNUM-SocialGouv/1j1s-front
sill-web,https://github.com/etalab/sill-web
flux-retour-cfas,https://github.com/mission-apprentissage/flux-retour-cfas
2022-03-JS-Remote-404-Alumni-droit,https://github.com/WildCodeSchool/2022-03-JS-Remote-404-Alumni-droit
MalhoStephane_6_25032022,https://github.com/stephanemalho/MalhoStephane_6_25032022
deces-dataprep,https://github.com/matchID-project/deces-dataprep
deces-dataprep,https://github.com/matchID-project/deces-dataprep
openfab,https://github.com/openfab-lab/openfab
product-management,https://github.com/blindnet-io/product-management
mvms-nuxt,https://github.com/Teyz/mvms-nuxt
mes-adresses,https://github.com/BaseAdresseNationale/mes-adresses
dashlord-fabrique,https://github.com/SocialGouv/dashlord-fabrique
flux-retour-cfas,https://github.com/mission-apprentissage/flux-retour-cfas
MalhoStephane_6_25032022,https://github.com/stephanemalho/MalhoStephane_6_25032022
parsedmarc,https://github.com/domainaware/parsedmarc
AdguardFilters,https://github.com/AdguardTeam/AdguardFilters
baiorepar,https://github.com/interassos/baiorepar
identity-provider-example,https://github.com/france-connect/identity-provider-example
paypal,https://github.com/202-ecommerce/paypal
JoannaTabbi_6_13052022,https://github.com/JoannaTabbi/JoannaTabbi_6_13052022
identity-provider-example,https://github.com/france-connect/identity-provider-example
JoannaTabbi_6_13052022,https://github.com/JoannaTabbi/JoannaTabbi_6_13052022
smart-on-fhir-client,https://github.com/mamori-tai/smart-on-fhir-client
smart-on-fhir-client,https://github.com/mamori-tai/smart-on-fhir-client
schema-friches,https://github.com/cnigfr/schema-friches
mybicyclejourney,https://github.com/erwan-haquet/mybicyclejourney
security_agency-website,https://github.com/Loris-R/security_agency-website
identity-provider-example,https://github.com/france-connect/identity-provider-example
dev,https://github.com/WriteInGesturesProject/dev
qcm_alchemy,https://github.com/qkzk/qcm_alchemy
stripe_official,https://github.com/202-ecommerce/stripe_official
tereus-front,https://github.com/tereus-project/tereus-front
identity-provider-example,https://github.com/france-connect/identity-provider-example
product-management,https://github.com/blindnet-io/product-management
product-management,https://github.com/blindnet-io/product-management
goodfood-client,https://github.com/DrBlackjack/goodfood-client
identity-provider-example,https://github.com/france-connect/identity-provider-example
identity-provider-example,https://github.com/france-connect/identity-provider-example
identity-provider-example,https://github.com/france-connect/identity-provider-example
identity-provider-example,https://github.com/france-connect/identity-provider-example
pipedream,https://github.com/PipedreamHQ/pipedream
SyliusGDPRPlugin,https://github.com/synolia/SyliusGDPRPlugin
identity-provider-example,https://github.com/france-connect/identity-provider-example
identity-provider-example,https://github.com/france-connect/identity-provider-example
identity-provider-example,https://github.com/france-connect/identity-provider-example
identity-provider-example,https://github.com/france-connect/identity-provider-example
dashlord-actions,https://github.com/SocialGouv/dashlord-actions
identity-provider-example,https://github.com/Delphine-Lapeyrie/identity-provider-example
AdNauseam,https://github.com/dhowe/AdNauseam
cadastrapp,https://github.com/georchestra/cadastrapp
identity-provider-example,https://github.com/france-connect/identity-provider-example
adminify,https://github.com/Ludows/adminify
jitsi-magnify,https://github.com/openfun/jitsi-magnify
delta,https://github.com/oricou/delta
frontend,https://github.com/CAMUL-IndoorMapping/frontend
devrel-management,https://github.com/blindnet-io/devrel-management
matomo-for-wordpress,https://github.com/matomo-org/matomo-for-wordpress
AquilaCMS,https://github.com/AquilaCMS/AquilaCMS
dashlord-actions,https://github.com/SocialGouv/dashlord-actions
glpi,https://github.com/glpi-project/glpi
identity-provider-example,https://github.com/france-connect/identity-provider-example
identity-provider-example,https://github.com/france-connect/identity-provider-example
identity-provider-example,https://github.com/france-connect/identity-provider-example
identity-provider-example,https://github.com/france-connect/identity-provider-example
2022-03-JS-Remote-404-Alumni-droit,https://github.com/WildCodeSchool/2022-03-JS-Remote-404-Alumni-droit
dashlord-actions,https://github.com/SocialGouv/dashlord-actions
jitsi-magnify,https://github.com/openfun/jitsi-magnify
gdpr-ruby,https://github.com/enerfip/gdpr-ruby
tarteaucitron.js,https://github.com/AmauriC/tarteaucitron.js
product-management,https://github.com/blindnet-io/product-management
flux-retour-cfas,https://github.com/mission-apprentissage/flux-retour-cfas
rdv-solidarites.fr,https://github.com/betagouv/rdv-solidarites.fr
sansa-project-hetic,https://github.com/bpaquier/sansa-project-hetic
Planning_IAE,https://github.com/philippe-nougaillon/Planning_IAE
IDEAS,https://github.com/EOS-Solutions/IDEAS
identity-provider-example,https://github.com/france-connect/identity-provider-example
product-management,https://github.com/blindnet-io/product-management
dashlord-actions,https://github.com/SocialGouv/dashlord-actions
demarches-simplifiees.fr,https://github.com/demarches-simplifiees/demarches-simplifiees.fr
demarches-simplifiees.fr,https://github.com/demarches-simplifiees/demarches-simplifiees.fr
identity-provider-example,https://github.com/france-connect/identity-provider-example
tuto-git-etage-4,https://github.com/tokymr/tuto-git-etage-4
Planning_IAE,https://github.com/philippe-nougaillon/Planning_IAE
theme-elgar,https://github.com/elgarweb/theme-elgar
john-doe,https://github.com/NicolasBrondin/john-doe
EFCorePowerTools,https://github.com/ErikEJ/EFCorePowerTools
referentiel-evaluation-dsrc,https://github.com/LabeliaLabs/referentiel-evaluation-dsrc
identity-provider-example,https://github.com/france-connect/identity-provider-example
beta.gouv.fr,https://github.com/betagouv/beta.gouv.fr
territoires-en-transitions,https://github.com/betagouv/territoires-en-transitions
dashlord-actions,https://github.com/SocialGouv/dashlord-actions
identity-provider-example,https://github.com/france-connect/identity-provider-example
recosante,https://github.com/betagouv/recosante
HorizonBot,https://github.com/horizon-efrei/HorizonBot
flux-retour-cfas,https://github.com/mission-apprentissage/flux-retour-cfas
dashlord,https://github.com/betagouv/dashlord
cadastrapp,https://github.com/georchestra/cadastrapp
DATA4PTTools,https://github.com/ITxPT/DATA4PTTools
ia-z,https://github.com/ia-z/ia-z
gn_module_validation,https://github.com/PnX-SI/gn_module_validation
lickpick,https://github.com/tarik-gadoumi/lickpick
RedQuest,https://github.com/dev-mansonthomas/RedQuest
belenios-containers,https://github.com/pegasus-io/belenios-containers
woocommerce,https://github.com/woocommerce/woocommerce
identity-provider-example,https://github.com/france-connect/identity-provider-example
catalogage-donnees,https://github.com/etalab/catalogage-donnees
tchap-landing-page,https://github.com/tchapgouv/tchap-landing-page
pos,https://github.com/OCA/pos
demarches-simplifiees.fr,https://github.com/demarches-simplifiees/demarches-simplifiees.fr
BileMo,https://github.com/MytiX/BileMo
identity-provider-example,https://github.com/france-connect/identity-provider-example
extension-fingerprints,https://github.com/z0ccc/extension-fingerprints
super-duper-guacamole,https://github.com/AdrKacz/super-duper-guacamole
transport-site,https://github.com/etalab/transport-site
product-management,https://github.com/blindnet-io/product-management
Dojo-Makoto.github.io,https://github.com/Dojo-Makoto/Dojo-Makoto.github.io
blockframes,https://github.com/blockframes/blockframes
itou-marche,https://github.com/betagouv/itou-marche
dashlord-actions,https://github.com/SocialGouv/dashlord-actions
semapps,https://github.com/chemins-de-la-transition/semapps
pix,https://github.com/1024pix/pix
monstage,https://github.com/betagouv/monstage
opendata-extraction,https://github.com/megalis-bretagne/opendata-extraction
entourage-webapp,https://github.com/ReseauEntourage/entourage-webapp
sith3,https://github.com/ae-utbm/sith3
BernamontSteven_6_13012022,https://github.com/Azciop/BernamontSteven_6_13012022
flux-retour-cfas,https://github.com/mission-apprentissage/flux-retour-cfas
support,https://github.com/SocialGouv/support
product-management,https://github.com/blindnet-io/product-management
flux-retour-cfas,https://github.com/mission-apprentissage/flux-retour-cfas
demarches-simplifiees.fr,https://github.com/demarches-simplifiees/demarches-simplifiees.fr
identity-provider-example,https://github.com/france-connect/identity-provider-example
BernamontSteven_6_13012022,https://github.com/Azciop/BernamontSteven_6_13012022
LafailleAlizee_6_15012022,https://github.com/AlizeeLfe/LafailleAlizee_6_15012022
pix,https://github.com/1024pix/pix
LafailleAlizee_6_15012022,https://github.com/AlizeeLfe/LafailleAlizee_6_15012022
appenin.fr,https://github.com/appenin/appenin.fr
rdv-solidarites.fr,https://github.com/betagouv/rdv-solidarites.fr
nuxt-templates,https://github.com/quentinneyraud/nuxt-templates
opendata-frontapp,https://github.com/megalis-bretagne/opendata-frontapp
identity-provider-example,https://github.com/france-connect/identity-provider-example
observatoire,https://github.com/DISIC/observatoire
identity-provider-example,https://github.com/france-connect/identity-provider-example
monstage,https://github.com/betagouv/monstage
glpi,https://github.com/glpi-project/glpi
identity-provider-example,https://github.com/france-connect/identity-provider-example
product-management,https://github.com/blindnet-io/product-management
identity-provider-example,https://github.com/france-connect/identity-provider-example
dashlord-actions,https://github.com/SocialGouv/dashlord-actions
apiEnedis,https://github.com/saniho/apiEnedis
extension-cookieman,https://github.com/dmind-gmbh/extension-cookieman
etuutt-api,https://github.com/ungdev/etuutt-api
product-management,https://github.com/blindnet-io/product-management
infrastructure,https://github.com/osm-fr/infrastructure
Guide-RGPD-du-developpeur,https://github.com/LINCnil/Guide-RGPD-du-developpeur
rdv-solidarites.fr,https://github.com/betagouv/rdv-solidarites.fr
demarches-simplifiees.fr,https://github.com/demarches-simplifiees/demarches-simplifiees.fr
demarches-simplifiees.fr,https://github.com/demarches-simplifiees/demarches-simplifiees.fr
form,https://github.com/OPEN-ENT-NG/form
easylist,https://github.com/easylist/easylist
product-management,https://github.com/blindnet-io/product-management
nosgestesclimat-site,https://github.com/datagir/nosgestesclimat-site
product-management,https://github.com/blindnet-io/product-management
cerfa,https://github.com/mission-apprentissage/cerfa
demarches-simplifiees.fr,https://github.com/demarches-simplifiees/demarches-simplifiees.fr
rimarok,https://github.com/Skaant/rimarok
reunir_website,https://github.com/ThePrincelle/reunir_website
semapps,https://github.com/assemblee-virtuelle/semapps
labonneboite,https://github.com/StartupsPoleEmploi/labonneboite
MarcelinLois_6_10112021,https://github.com/Marcelin97/MarcelinLois_6_10112021
support.data.gouv.fr,https://github.com/etalab/support.data.gouv.fr
MarcelinLois_6_10112021,https://github.com/Marcelin97/MarcelinLois_6_10112021
clickntoulon,https://github.com/ClickNToulon/clickntoulon
product-management,https://github.com/blindnet-io/product-management
loki,https://github.com/grafana/loki
tarteaucitron.js,https://github.com/AmauriC/tarteaucitron.js
BusinessEarns_Backend,https://github.com/Nalem14/BusinessEarns_Backend
purple-php-2109-project3-powy,https://github.com/WildCodeSchool/purple-php-2109-project3-powy
jitsi-meet,https://github.com/jitsi/jitsi-meet
pix,https://github.com/1024pix/pix
purple-php-2109-project3-powy,https://github.com/WildCodeSchool/purple-php-2109-project3-powy
rdv-solidarites.fr,https://github.com/betagouv/rdv-solidarites.fr
form,https://github.com/OPEN-ENT-NG/form
rsr-web,https://github.com/Anatole-Godard/rsr-web
datapass,https://github.com/betagouv/datapass
rdv-solidarites.fr,https://github.com/betagouv/rdv-solidarites.fr
blockframes,https://github.com/blockframes/blockframes
form,https://github.com/OPEN-ENT-NG/form
nosgestesclimat-site,https://github.com/datagir/nosgestesclimat-site
demarches-simplifiees.fr,https://github.com/demarches-simplifiees/demarches-simplifiees.fr
en-marche.fr,https://github.com/EnMarche/en-marche.fr
Je-Marche,https://github.com/EnMarche/Je-Marche
blockframes,https://github.com/blockframes/blockframes
product-management,https://github.com/blindnet-io/product-management
mon-entreprise,https://github.com/betagouv/mon-entreprise
early-warning-webapp,https://github.com/riparias/early-warning-webapp
front-mobile,https://github.com/StudyBox-EIP/front-mobile
sith3,https://github.com/ae-utbm/sith3
place-des-entreprises,https://github.com/betagouv/place-des-entreprises
Phraseanet,https://github.com/alchemy-fr/Phraseanet
en-marche.fr,https://github.com/EnMarche/en-marche.fr
nuxt-templates,https://github.com/quentinneyraud/nuxt-templates
product-management,https://github.com/blindnet-io/product-management
PrestaShop,https://github.com/PrestaShop/PrestaShop
ecclesiacrm,https://github.com/phili67/ecclesiacrm
product-management,https://github.com/blindnet-io/product-management
daily-arxiv-noti,https://github.com/kobiso/daily-arxiv-noti
product-management,https://github.com/blindnet-io/product-management
mon-service-securise,https://github.com/betagouv/mon-service-securise
carnet-de-bord,https://github.com/gip-inclusion/carnet-de-bord
platformmanager,https://github.com/bgo-bioimagerie/platformmanager
service-national-universel,https://github.com/betagouv/service-national-universel
formation-git,https://github.com/InseeFrLab/formation-git
bilansclimatsimplifies,https://github.com/datagir/bilansclimatsimplifies
purple-php-2109-project3-powy,https://github.com/WildCodeSchool/purple-php-2109-project3-powy
psa_car_controller,https://github.com/flobz/psa_car_controller
Geotrek-rando-v3,https://github.com/GeotrekCE/Geotrek-rando-v3
MarcelinLois_6_10112021,https://github.com/Marcelin97/MarcelinLois_6_10112021
nosgestesclimat-site,https://github.com/datagir/nosgestesclimat-site
Never-Consent,https://github.com/MathRobin/Never-Consent
mon-service-securise,https://github.com/betagouv/mon-service-securise
projet-integration,https://github.com/miguel-antoons/projet-integration
blockchainsociete.org,https://github.com/BlockchainEtSociete/blockchainsociete.org
elasticsuite,https://github.com/Smile-SA/elasticsuite
abonnin_project_front,https://github.com/abonnin37/abonnin_project_front
am_personalizations,https://github.com/serCliff/am_personalizations
product-management,https://github.com/blindnet-io/product-management
dolibarr_module_externalaccess,https://github.com/ATM-Consulting/dolibarr_module_externalaccess
flexicontent-cck,https://github.com/FLEXIcontent/flexicontent-cck
verdirmaflotte,https://github.com/datagir/verdirmaflotte
doc.incubateur.net-communaute,https://github.com/betagouv/doc.incubateur.net-communaute
nos1000jours-blues-epds-pro,https://github.com/SocialGouv/nos1000jours-blues-epds-pro
beta.gouv.fr,https://github.com/betagouv/beta.gouv.fr
pix,https://github.com/1024pix/pix
tarteaucitron.js,https://github.com/AmauriC/tarteaucitron.js
pix,https://github.com/1024pix/pix
am_personalizations,https://github.com/serCliff/am_personalizations
Silex,https://github.com/silexlabs/Silex
yeswiki-extension-lms,https://github.com/YesWiki/yeswiki-extension-lms
platformmanager,https://github.com/bgo-bioimagerie/platformmanager
deces-dataprep,https://github.com/matchID-project/deces-dataprep
Guide-RGPD-du-developpeur,https://github.com/LINCnil/Guide-RGPD-du-developpeur
rss-bridge,https://github.com/RSS-Bridge/rss-bridge
server,https://github.com/insamee-app/server
product-management,https://github.com/blindnet-io/product-management
deces-ui,https://github.com/matchID-project/deces-ui
blockchainsociete.org,https://github.com/BlockchainEtSociete/blockchainsociete.org
Aidants_Connect,https://github.com/betagouv/Aidants_Connect
cda_projet_project_hive,https://github.com/CoralieGa33/cda_projet_project_hive
web,https://github.com/kiwix/web
semapps,https://github.com/chemins-de-la-transition/semapps
mon-service-securise,https://github.com/betagouv/mon-service-securise
semapps,https://github.com/assemblee-virtuelle/semapps
deces-dataprep,https://github.com/matchID-project/deces-dataprep
server,https://github.com/insamee-app/server
Guide-RGPD-du-developpeur,https://github.com/LINCnil/Guide-RGPD-du-developpeur
talk,https://github.com/coralproject/talk
entcore,https://github.com/opendigitaleducation/entcore
BucailleThommy_7_13102021,https://github.com/Nalem14/BucailleThommy_7_13102021
nosgestesclimat-site,https://github.com/datagir/nosgestesclimat-site
BucailleThommy_7_13102021,https://github.com/Nalem14/BucailleThommy_7_13102021
pix,https://github.com/1024pix/pix
PrestaShop,https://github.com/PrestaShop/PrestaShop
best-practices,https://github.com/cnumr/best-practices
BucailleThommy_6_30062021,https://github.com/Nalem14/BucailleThommy_6_30062021
Guide-RGPD-du-developpeur,https://github.com/LINCnil/Guide-RGPD-du-developpeur
place-des-entreprises,https://github.com/betagouv/place-des-entreprises
Backend,https://github.com/Canard-Ecarlate/Backend
platformmanager,https://github.com/bgo-bioimagerie/platformmanager
recosante-api,https://github.com/betagouv/recosante-api
zmarkdown,https://github.com/zestedesavoir/zmarkdown
domifa,https://github.com/SocialGouv/domifa
transport-site,https://github.com/etalab/transport-site
shanoir-ng,https://github.com/fli-iam/shanoir-ng
beta.gouv.fr,https://github.com/betagouv/beta.gouv.fr
epsi-share.it,https://github.com/SamuelPlaton/epsi-share.it
website,https://github.com/datenanfragen/website
identity-provider-example,https://github.com/france-connect/identity-provider-example
BucailleThommy_6_30062021,https://github.com/Nalem14/BucailleThommy_6_30062021
Never-Consent,https://github.com/MathRobin/Never-Consent
shanoir-ng,https://github.com/fli-iam/shanoir-ng
Aidants_Connect,https://github.com/betagouv/Aidants_Connect
marsha,https://github.com/openfun/marsha
emms21,https://github.com/FromDoppler/emms21
identity-provider-example,https://github.com/france-connect/identity-provider-example
decidim,https://github.com/OpenSourcePolitics/decidim
osuny,https://github.com/noesya/osuny
blog-paupau,https://github.com/floflooow/blog-paupau
passerelle_normandie,https://github.com/data-players/passerelle_normandie
pass-culture-main,https://github.com/pass-culture/pass-culture-main
website,https://github.com/datenanfragen/website
Guide-RGPD-du-developpeur,https://github.com/LINCnil/Guide-RGPD-du-developpeur
productcomments,https://github.com/PrestaShop/productcomments
decidim-udl,https://github.com/OpenSourcePolitics/decidim-udl
finiclasse-app,https://github.com/PierreMatos/finiclasse-app
labonnealternance-old,https://github.com/mission-apprentissage/labonnealternance-old
vagas,https://github.com/frontendbr/vagas
vagas,https://github.com/backend-br/vagas
vagas,https://github.com/backend-br/vagas
compani-formation,https://github.com/sophiemoustard/compani-formation
deces-ui,https://github.com/matchID-project/deces-ui
sante-psy,https://github.com/betagouv/sante-psy
gestionLibrairieGroupe4,https://github.com/mohamed-ndoye811/gestionLibrairieGroupe4
referentiel-evaluation-dsrc,https://github.com/LabeliaLabs/referentiel-evaluation-dsrc
generator-jhipster,https://github.com/jhipster/generator-jhipster
compani-webapp,https://github.com/sophiemoustard/compani-webapp
recosante-api,https://github.com/betagouv/recosante-api
pods,https://github.com/pods-framework/pods
mailtrain,https://github.com/Mailtrain-org/mailtrain
django-aula,https://github.com/ctrl-alt-d/django-aula
Guide-RGPD-du-developpeur,https://github.com/LINCnil/Guide-RGPD-du-developpeur
tag,https://github.com/AymericArt/tag
rdv-solidarites.fr,https://github.com/betagouv/rdv-solidarites.fr
rdmo-catalog,https://github.com/rdmorganiser/rdmo-catalog
signup-back,https://github.com/betagouv/signup-back
core,https://github.com/owncloud/core
DevsToHire,https://github.com/itsnatedel/DevsToHire
EveryBoard,https://github.com/EveryBoard/EveryBoard
ecclesiacrm,https://github.com/phili67/ecclesiacrm
tera-cms-front,https://github.com/tomorrow-security/tera-cms-front
grottocenter-front,https://github.com/GrottoCenter/grottocenter-front
transport-site,https://github.com/etalab/transport-site
Silex,https://github.com/silexlabs/Silex
signup-back,https://github.com/betagouv/signup-back
emjpm,https://github.com/SocialGouv/emjpm
api-conseiller-numerique,https://github.com/anct-cnum/api-conseiller-numerique
sanipasse,https://github.com/lovasoa/sanipasse
pix,https://github.com/1024pix/pix
labelflow,https://github.com/labelflow/labelflow
demarches-simplifiees.fr,https://github.com/demarches-simplifiees/demarches-simplifiees.fr
BucailleThommy_6_30062021,https://github.com/Nalem14/BucailleThommy_6_30062021
Handichiens,https://github.com/Ysliria/Handichiens
mazette,https://github.com/bastiengrignon/mazette
openplayerjs,https://github.com/openplayerjs/openplayerjs
etuutt-api,https://github.com/ungdev/etuutt-api
ps_legalcompliance,https://github.com/PrestaShop/ps_legalcompliance
marsha,https://github.com/openfun/marsha
BucailleThommy_6_30062021,https://github.com/Nalem14/BucailleThommy_6_30062021
demarches-simplifiees.fr,https://github.com/demarches-simplifiees/demarches-simplifiees.fr
tera-cms-front,https://github.com/tomorrow-security/tera-cms-front
wantedvelo-front,https://github.com/priandey/wantedvelo-front
av2-portfolio,https://github.com/AlisonV2/av2-portfolio
codecarbon,https://github.com/mlco2/codecarbon
beta.gouv.fr,https://github.com/betagouv/beta.gouv.fr
av2-portfolio,https://github.com/AlisonV2/av2-portfolio
website,https://github.com/datenanfragen/website
av2-portfolio,https://github.com/AlisonV2/av2-portfolio
Guide-RGPD-du-developpeur,https://github.com/LINCnil/Guide-RGPD-du-developpeur
Guide-RGPD-du-developpeur,https://github.com/LINCnil/Guide-RGPD-du-developpeur
django-aula,https://github.com/ctrl-alt-d/django-aula
Front,https://github.com/ProjectSocialCosplay/Front
identity-provider-example,https://github.com/france-connect/identity-provider-example
identity-provider-example,https://github.com/france-connect/identity-provider-example
Blog,https://github.com/LeZellus/Blog
identity-provider-example,https://github.com/france-connect/identity-provider-example
web-bugs,https://github.com/webcompat/web-bugs
identity-provider-example,https://github.com/france-connect/identity-provider-example
django-aula,https://github.com/ctrl-alt-d/django-aula
bien-dit,https://github.com/Politizr/bien-dit
ma-cantine,https://github.com/betagouv/ma-cantine
emjpm,https://github.com/SocialGouv/emjpm
domifa,https://github.com/SocialGouv/domifa
facebook-for-woocommerce,https://github.com/woocommerce/facebook-for-woocommerce
identity-provider-example,https://github.com/france-connect/identity-provider-example
je-fais-tout,https://github.com/hervesrf/je-fais-tout
signup-back,https://github.com/betagouv/signup-back
vscode-redhat-telemetry,https://github.com/redhat-developer/vscode-redhat-telemetry
premierlangage,https://github.com/PremierLangage/premierlangage
ttacjs-wp,https://github.com/gitnovembre/ttacjs-wp
cesieat-client,https://github.com/CESI-EAT/cesieat-client
identity-provider-example,https://github.com/france-connect/identity-provider-example
entcore,https://github.com/opendigitaleducation/entcore
demarches-simplifiees.fr,https://github.com/demarches-simplifiees/demarches-simplifiees.fr
gamelle-front-office-lyon-js-react-march21,https://github.com/WildCodeSchool/gamelle-front-office-lyon-js-react-march21
decidim-udl,https://github.com/OpenSourcePolitics/decidim-udl
ev-server,https://github.com/sap-labs-france/ev-server
wishlist,https://github.com/openfoodfoundation/wishlist
tacticalrmm,https://github.com/amidaware/tacticalrmm
django-aula,https://github.com/ctrl-alt-d/django-aula
react-native,https://github.com/facebook/react-native
territoires-en-transitions,https://github.com/betagouv/territoires-en-transitions
SophIA,https://github.com/7Dan2/SophIA
facebook-for-woocommerce,https://github.com/woocommerce/facebook-for-woocommerce
tera-cms-front,https://github.com/tomorrow-security/tera-cms-front
web-bugs,https://github.com/webcompat/web-bugs
territoires-en-transitions,https://github.com/betagouv/territoires-en-transitions
fpempresa,https://github.com/fpempresa/fpempresa
cesieat-client,https://github.com/CESI-EAT/cesieat-client
website,https://github.com/datenanfragen/website
identity-provider-example,https://github.com/france-connect/identity-provider-example
compani-webapp,https://github.com/sophiemoustard/compani-webapp
doppler-webapp,https://github.com/FromDoppler/doppler-webapp
Orange-Boosted-Angular,https://github.com/Orange-OpenSource/Orange-Boosted-Angular
ecosia-dark-mode,https://github.com/gmirmand/ecosia-dark-mode
identity-provider-example,https://github.com/france-connect/identity-provider-example
PrestaShop,https://github.com/PrestaShop/PrestaShop
GeoNature,https://github.com/PnX-SI/GeoNature
